Designator,Footprint,Center-X(mm),Center-Y(mm),Ref-X(mm),Ref-Y(mm),Pad-X(mm),Pad-Y(mm),Layer,Rotation,Ident

"LK100","","0","0","0","0","0","0","None","0","LKGRAFMNP_10"
"IC1","BGA216C80P15X15_1300X1300X110","72.8","44.36","72.8","44.36","67.2","38.76","Top","90","ICSTM32F746-S11"
"C302","CAPC1005X70N","71.2","47.21","71.2","47.21","71.2","47.66","Bottom","90","KO104V50-S03"
"C303","CAPC1005X70N","74.4","47.214","74.4","47.214","74.4","47.664","Bottom","90","KO104V50-S03"
"C304","CAPC1005X70N","73.6","47.214","73.6","47.214","73.6","47.664","Bottom","90","KO104V50-S03"
"C305","CAPC1005X70N","72.8","47.214","72.8","47.214","72.8","47.664","Bottom","90","KO104V50-S03"
"C306","CAPC1005X70N","72","47.214","72","47.214","72","47.664","Bottom","90","KO104V50-S03"
"C307","CAPC1005X70N","75.65","45.96","75.65","45.96","76.1","45.96","Bottom","0","KO104V50-S03"
"C308","CAPC1005X70N","69.95","45.96","69.95","45.96","69.5","45.96","Bottom","180","KO104V50-S03"
"C309","CAPC1005X70N","69.95","45.164","69.95","45.164","69.5","45.164","Bottom","180","KO104V50-S03"
"C310","CAPC1005X70N","69.95","44.36","69.95","44.36","69.5","44.36","Bottom","180","KO104V50-S03"
"C311","CAPC1005X70N","69.95","43.56","69.95","43.56","69.5","43.56","Bottom","180","KO104V50-S03"
"C312","CAPC1005X70N","71.2","41.51","71.2","41.51","71.2","41.06","Bottom","270","KO104V50-S03"
"C313","CAPC1005X70N","72","41.51","72","41.51","72","41.06","Bottom","270","KO104V50-S03"
"C314","CAPC1005X70N","72.8","41.51","72.8","41.51","72.8","41.06","Bottom","270","KO104V50-S03"
"C315","CAPC1005X70N","73.6","41.51","73.6","41.51","73.6","41.06","Bottom","270","KO104V50-S03"
"C316","CAPC1005X70N","74.4","41.51","74.4","41.51","74.4","41.06","Bottom","270","KO104V50-S03"
"C317","CAPC1005X70N","75.65","43.603","75.65","43.603","76.1","43.603","Bottom","0","KO104V50-S03"
"C318","CAPC1005X70N","75.65","44.364","75.65","44.364","76.1","44.364","Bottom","0","KO104V50-S03"
"C319","CAPC1005X70N","75.65","45.164","75.65","45.164","76.1","45.164","Bottom","0","KO104V50-S03"
"C300","CAPC1608N","64.6","38.764","64.6","38.764","64.6","37.964","Top","90","KO4756V3-S11"
"C200","CAPC1608X90N","65.594","26.1","65.594","26.1","65.594","26.9","Top","270","KO104V50-S10"
"C201","CAPC1608X90N","73.568","21.448","73.568","21.448","73.568","22.248","Top","270","KO104V50-S10"
"C203","CAPC1608X90N","99.2","52.317","99.2","52.317","98.4","52.317","Top","0","KO104V50-S10"
"C204","CAPC1608X90N","94.974","45.088","94.974","45.088","94.974","44.288","Top","90","KO104V50-S10"
"C321","CAPC1608X90N","81.65","37.629","81.65","37.629","81.65","38.429","Top","270","KO104V50-S10"
"C322","CAPC1608X90N","82","47.629","82","47.629","82.8","47.629","Top","180","KO225V10-S11"
"C323","CAPC1608X90N","64.05","46.95","64.05","46.95","63.25","46.95","Top","0","KO225V10-S11"
"C324","CAPC1608X90N","86.477","24.416","86.477","24.416","87.277","24.416","Top","180","KO104V50-S10"
"C325","CAPC1608X90N","83.467","21.428","83.467","21.428","83.467","20.628","Top","90","KO104V50-S10"
"C402","CAPC1608X90N","14.9","65.7","14.9","65.7","14.9","64.9","Top","90","KO102V50-S35"
"C403","CAPC1608X90N","38.7","89.683","38.7","89.683","38.7","90.483","Top","270","KO102V50-S35"
"C404","CAPC1608X90N","38.7","84.084","38.7","84.084","38.7","84.884","Top","270","KO102V50-S35"
"C405","CAPC1608X90N","38.7","94.6","38.7","94.6","38.7","95.4","Top","270","KO102V50-S35"
"C502","CAPC1608X90N","107.902","6.375","107.902","6.375","108.702","6.375","Top","180","KO103V63-S52"
"C504","CAPC1608X90N","114.827","8.625","114.827","8.625","114.827","9.425","Top","270","KO103V63-S52"
"C507","CAPC1608X90N","118.1","83","118.1","83","117.3","83","Top","0","KO103V63-S52"
"C511","CAPC1608X90N","122.6","88.6","122.6","88.6","122.6","87.8","Top","90","KO104V50-S10"
"C513","CAPC1608X90N","71.58","83.2","71.58","83.2","70.78","83.2","Top","0","KO103V63-S52"
"C517","CAPC1608X90N","83","89","83","89","83","88.2","Top","90","KO104V50-S10"
"C600","CAPC1608X90N","27.95","47.499","27.95","47.499","27.95","48.299","Top","270","KO470V63-S16"
"C601","CAPC1608X90N","27.95","44.675","27.95","44.675","27.95","43.875","Top","90","KO470V63-S16"
"C602","CAPC1608X90N","41.625","49.932","41.625","49.932","40.825","49.932","Top","0","KO104V50-S10"
"C700","CAPC1608X90N","110.44","61.795","110.44","61.795","110.44","60.995","Top","90","KO104V50-S10"
"C701","CAPC1608X90N","109.954","48.454","109.954","48.454","109.954","47.654","Top","90","KO104V50-S10"
"C702","CAPC1608X90N","114.888","62.595","114.888","62.595","115.688","62.595","Top","180","KO104V50-S10"
"C703","CAPC1608X90N","114.888","49.227","114.888","49.227","115.688","49.227","Top","180","KO104V50-S10"
"C704","CAPC1608X90N","127.936","59.145","127.936","59.145","127.936","58.345","Top","90","KO104V50-S10"
"C705","CAPC1608X90N","127.77","41.707","127.77","41.707","127.77","42.507","Top","270","KO104V50-S10"
"C706","CAPC1608X90N","127.714","26.77","127.714","26.77","127.714","27.57","Top","270","KO104V50-S10"
"C320","CAPC1608X100N","80.317","37.625","80.317","37.625","80.317","36.825","Top","90","KO105V63-S26"
"C512","CAPC3216X180N","119.5","70.8","119.5","70.8","119.5","72.25","Top","270","KO476V25-S15"
"C518","CAPC3216X180N","75.477","73.6","75.477","73.6","75.477","75.05","Top","270","KO476V25-S15"
"C603","CAPC3216X180N","9.453","55","9.453","55","10.903","55","Top","180","KO102V2000-S15"
"C400","CAPC3216X190N","13.5","79.5","13.5","79.5","13.5","78.05","Top","90","KO105V63-S20"
"C401","CAPC3216X190N","15.35","74.6","15.35","74.6","15.35","73.15","Top","90","KO105V63-S20"
"C503","CAPC3216X190N","109.134","15.804","109.134","15.804","107.684","15.804","Top","0","KO105V63-S20"
"C202","CAPC3225X280N","99.2","54.795","99.2","54.795","97.75","54.795","Top","0","KO106V50-S60"
"C500","CAPC3225X280N","103.27","13.656","103.27","13.656","103.27","15.106","Top","270","KO106V50-S60"
"C501","CAPC3225X280N","100.134","6.125","100.134","6.125","100.134","4.675","Top","90","KO106V50-S60"
"C505","CAPC3225X280N","115.334","13.604","115.334","13.604","115.334","15.054","Top","270","KO106V50-S60"
"C506","CAPC3225X280N","121.725","8.832","121.725","8.832","121.725","7.382","Top","90","KO106V50-S60"
"C508","CAPC3225X280N","131.501","87.93","131.501","87.93","131.501","86.48","Top","90","KO106V50-S60"
"C509","CAPC3225X280N","128.343","87.926","128.343","87.926","128.343","86.476","Top","90","KO106V50-S60"
"C510","CAPC3225X280N","125.225","87.93","125.225","87.93","125.225","86.48","Top","90","KO106V50-S60"
"C514","CAPC3225X280N","94.4","88.418","94.4","88.418","94.4","86.968","Top","90","KO106V50-S60"
"C515","CAPC3225X280N","90.2","88.418","90.2","88.418","90.2","86.968","Top","90","KO106V50-S60"
"C516","CAPC3225X280N","86","88.418","86","88.418","86","86.968","Top","90","KO106V50-S60"
"S201","CK_KSC2_TE_01J","18.1","20.7","18.1","20.7","21","22.7","Top","0","TAST_KSC2TE01J-S00"
"S202","CK_KSC2_TE_01J","18.1","28.2","18.1","28.2","21","30.2","Top","0","TAST_KSC2TE01J-S00"
"S203","CK_KSC2_TE_01J","18.1","35.7","18.1","35.7","21","37.7","Top","0","TAST_KSC2TE01J-S00"
"D500","DIOM7959X265","115.738","78.883","115.738","78.883","112.215","78.883","Top","180","DIMBRS340-S11"
"D501","DIOM7959X265","69.1","79.3","69.1","79.3","65.577","79.3","Top","180","DIMBRS340-S11"
"ET100","ETIKETT_20X8","-220","-205","49.743","31.574","-220","-205","Top","0","ETI20X8"
"FID100","FIDUCIAL_O_1MM","146","6","146","6","146","6","Bottom","90","AD-FID-O-1.0MM"
"FID101","FIDUCIAL_O_1MM","145","94","145","94","145","94","Top","90","AD-FID-O-1.0MM"
"FID102","FIDUCIAL_O_1MM","145","94","145","94","145","94","Bottom","90","AD-FID-O-1.0MM"
"FID103","FIDUCIAL_O_1MM","4.3","7","4.3","7","4.3","7","Top","90","AD-FID-O-1.0MM"
"FID104","FIDUCIAL_O_1MM","4.3","7","4.3","7","4.3","7","Bottom","90","AD-FID-O-1.0MM"
"FID105","FIDUCIAL_O_1MM","146","6","146","6","146","6","Top","90","AD-FID-O-1.0MM"
"X202","HARTING_0918520X324","51.8","8.7","51.8","8.7","63.23","9.97","Top","180","ST20G-K10"
"X700","HARTING_09031646921","153.43","50","160","50","154.7","89.37","Top","90","ST09031646921-K00"
"X400","HIROSE_FH12-20S-0.5SH","4.675","70.85","6.3","70.85","6.3","75.6","Top","90","PABUFH12-S21"
"L500","IND_WE-PD_1280","127.251","74.15","127.251","74.15","127.251","79.15","Top","0","PAI336B-S11"
"L501","IND_WE-PD_1280","83.9","75.375","83.9","75.375","83.9","80.375","Top","0","PAI336B-S11"
"LED302","LED_KINGBRIGHT_KP-1608SGC","85.3","8.048","85.3","8.048","85.3","7.248","Top","270","DIKP-1608SGC-S10"
"LED600","LED_KINGBRIGHT_KP-1608SGC","37.125","36.075","37.125","36.075","37.125","35.275","Top","270","DIKP-1608SGC-S10"
"LED601","LED_KINGBRIGHT_KP-1608SGC","35.1","36.075","35.1","36.075","35.1","35.275","Top","270","DIKP-1608SGC-S10"
"LED300","LED_KINGBRIGHT_KP-1608SURC","75.425","7.948","75.425","7.948","75.425","7.148","Top","270","DIKP-1608SURC-S10"
"LED301","LED_KINGBRIGHT_KP-1608SYCK","80.35","7.973","80.35","7.973","80.35","7.173","Top","270","DIKP-1608SYCK-S10"
"X401","MOLEX_53261-0471","4.35","89.725","5.8","89.725","5.8","91.6","Top","90","STSMDW53261-4P-S20"
"Q200","OSCSC250P500X320X130-4","70.566","26.1","70.566","26.1","69.296","25","Top","0","HAQU25.00-S10"
"IC700","QFN50P350X550X100-24EP_TI_RHL0024A","112.89","56.545","112.89","56.545","112.14","59.195","Top","0","ICSN74LXCH-S00"
"IC701","QFN50P350X550X100-24EP_TI_RHL0024A","112.854","43.654","112.854","43.654","112.104","46.304","Top","0","ICSN74LXCH-S00"
"IC600","QFN65P400X400X80-16EP","36.875","46.15","36.875","46.15","37.85","48.175","Top","270","ICFT230XQ-S10"
"R304","RESC1608N","75.425","11.504","75.425","11.504","75.425","12.304","Top","270","WI2870-S10"
"R305","RESC1608N","80.4","11.454","80.4","11.454","80.4","12.254","Top","270","WI2870-S10"
"R500","RESC1608N","103.252","7.15","103.252","7.15","103.252","6.35","Top","90","WI9093-S00"
"R503","RESC1608N","118.834","7.132","118.834","7.132","118.834","7.932","Top","270","WI9093-S00"
"R505","RESC1608N","123.799","92.8","123.799","92.8","123.799","92","Top","90","WI1741-S10"
"R507","RESC1608N","78.2","92.6","78.2","92.6","78.2","91.8","Top","90","WI3161-S17"
"R200","RESC1608X60N","70.229","15.598","70.229","15.598","71.029","15.598","Top","180","WI1002-S17"
"R201","RESC1608X60N","70.228","13.98","70.228","13.98","71.028","13.98","Top","180","WI1002-S17"
"R202","RESC1608X60N","45.45","17.4","45.45","17.4","45.45","16.6","Top","90","WI000R-S22"
"R203","RESC1608X60N","68.815","17.123","68.815","17.123","69.615","17.123","Top","180","WI1002-S17"
"R204","RESC1608X60N","68.815","18.848","68.815","18.848","69.615","18.848","Top","180","WI1002-S17"
"R205","RESC1608X60N","23.8","19.6","23.8","19.6","23.8","20.4","Top","270","WI1002-S17"
"R206","RESC1608X60N","23.8","27.3","23.8","27.3","23.8","28.1","Top","270","WI1002-S17"
"R207","RESC1608X60N","23.4","34.5","23.4","34.5","23.4","35.3","Top","270","WI1002-S17"
"R208","RESC1608X60N","71.3","8.7","71.3","8.7","71.3","7.9","Top","90","WI000R-S22"
"R209","RESC1608X60N","92.07","42.34","92.07","42.34","92.87","42.34","Top","180","WI1002-S17"
"R210","RESC1608X60N","100.825","38.564","100.825","38.564","100.825","39.364","Top","270","WI1002-S17"
"R211","RESC1608X60N","50.53","17.4","50.53","17.4","50.53","18.2","Top","270","WI1002-S17"
"R212","RESC1608X60N","42.91","17.4","42.91","17.4","42.91","18.2","Top","270","WI1002-S17"
"R213","RESC1608X60N","32.8","8.7","32.8","8.7","32.8","7.9","Top","90","WI1002-S17"
"R214","RESC1608X60N","103.2","38.564","103.2","38.564","103.2","37.764","Top","90","WI000R-S22"
"R215","RESC1608X60N","105","38.564","105","38.564","105","37.764","Top","90","WI000R-S22"
"R216","RESC1608X60N","94","39.957","94","39.957","94","40.757","Top","270","WI000R-S22"
"R217","RESC1608X60N","95.675","39.957","95.675","39.957","95.675","40.757","Top","270","WI000R-S22"
"R218","RESC1608X60N","65.878","34.246","65.878","34.246","65.078","34.246","Top","0","WI1002-S17"
"R300","RESC1608X60N","75.6","25.338","75.6","25.338","76.4","25.338","Top","180","WI000R-S22"
"R301","RESC1608X60N","75.6","27.028","75.6","27.028","76.4","27.028","Top","180","WI000R-S22"
"R302","RESC1608X60N","78.4","35.9","78.4","35.9","77.6","35.9","Top","0","WI000R-S22"
"R303","RESC1608X60N","67.2","29.723","67.2","29.723","68","29.723","Top","180","WI000R-S22"
"R306","RESC1608X60N","85.3","11.529","85.3","11.529","85.3","12.329","Top","270","WI2200-S18"
"R307","RESC1608X60N","77.141","18.373","77.141","18.373","77.941","18.373","Top","180","WI1002-S17"
"R308","RESC1608X60N","82.15","18.398","82.15","18.398","82.95","18.398","Top","180","WI1002-S17"
"R309","RESC1608X60N","87.017","18.398","87.017","18.398","87.817","18.398","Top","180","WI1002-S17"
"R310","RESC1608X60N","81.617","21.428","81.617","21.428","81.617","20.628","Top","90","WI000R-S22"
"R400","RESC1608X60N","9.43","62.9","9.43","62.9","9.43","62.1","Top","90","WI1002-S17"
"R401","RESC1608X60N","18.8","66.55","18.8","66.55","19.6","66.55","Top","180","WI20R0-S12"
"R402","RESC1608X60N","12.4","65.7","12.4","65.7","12.4","64.9","Top","90","WI1002-S17"
"R403","RESC1608X60N","13.5","89.1","13.5","89.1","14.3","89.1","Top","180","WI47R0-S17"
"R404","RESC1608X60N","24.15","90.6","24.15","90.6","24.15","91.4","Top","270","WI1002-S17"
"R405","RESC1608X60N","42.8","88.917","42.8","88.917","43.6","88.917","Top","180","WI20R0-S12"
"R406","RESC1608X60N","35.1","89.684","35.1","89.684","35.1","90.484","Top","270","WI1002-S17"
"R407","RESC1608X60N","13.5","85","13.5","85","14.3","85","Top","180","WI33E0-S17"
"R408","RESC1608X60N","9.8","90.35","9.8","90.35","10.6","90.35","Top","180","WI000R-S22"
"R409","RESC1608X60N","24.15","85","24.15","85","24.15","85.8","Top","270","WI1002-S17"
"R410","RESC1608X60N","42.8","83.2","42.8","83.2","43.6","83.2","Top","180","WI20R0-S12"
"R411","RESC1608X60N","35.1","84.084","35.1","84.084","35.1","84.884","Top","270","WI1002-S17"
"R412","RESC1608X60N","13.5","95.4","13.5","95.4","14.3","95.4","Top","180","WI33E0-S17"
"R413","RESC1608X60N","24.15","95.4","24.15","95.4","24.15","96.2","Top","270","WI1002-S17"
"R414","RESC1608X60N","42.8","93.75","42.8","93.75","43.6","93.75","Top","180","WI20R0-S12"
"R415","RESC1608X60N","35.1","94.6","35.1","94.6","35.1","95.4","Top","270","WI1002-S17"
"R501","RESC1608X60N","105.227","5.525","105.227","5.525","105.227","4.725","Top","90","WI1003-S16"
"R502","RESC1608X60N","117.034","5.525","117.034","5.525","117.034","6.325","Top","270","WI1003-S16"
"R504","RESC1608X60N","113.227","6.925","113.227","6.925","113.227","6.125","Top","90","WI2003-S15"
"R506","RESC1608X60N","122.35","92.8","122.35","92.8","122.35","93.6","Top","270","WI1001-S19"
"R508","RESC1608X60N","76.48","92.6","76.48","92.6","76.48","93.4","Top","270","WI1001-S19"
"R509","RESC1608X60N","73.128","95.38","73.128","95.38","73.928","95.38","Top","180","WI1002-S17"
"R510","RESC1608X60N","95.346","11.008","95.346","11.008","94.546","11.008","Top","0","WI1002-S17"
"R511","RESC1608X60N","95.346","7.992","95.346","7.992","96.146","7.992","Top","180","WI1002-S17"
"R512","RESC1608X60N","95.346","9.542","95.346","9.542","96.146","9.542","Top","180","WI1002-S17"
"R600","RESC1608X60N","41.625","51.55","41.625","51.55","42.425","51.55","Top","180","WI1002-S17"
"R601","RESC1608X60N","42.6","46.475","42.6","46.475","43.4","46.475","Top","180","WI1002-S17"
"R602","RESC1608X60N","30.65","45.425","30.65","45.425","31.45","45.425","Top","180","WI27R0-S13"
"R603","RESC1608X60N","37.125","40.575","37.125","40.575","37.125","41.375","Top","270","WI2200-S18"
"R604","RESC1608X60N","30.65","46.75","30.65","46.75","31.45","46.75","Top","180","WI27R0-S13"
"R605","RESC1608X60N","35.1","40.575","35.1","40.575","35.1","41.375","Top","270","WI2200-S18"
"R606","RESC1608X60N","14.58","51.675","14.58","51.675","14.58","52.475","Top","270","WI5101-S16"
"R607","RESC1608X60N","9.43","39.175","9.43","39.175","10.23","39.175","Top","180","WI5101-S16"
"R608","RESC1608X60N","32.917","52.802","32.917","52.802","32.117","52.802","Top","0","WI1002-S17"
"R609","RESC1608X60N","37.85","54.6","37.85","54.6","37.05","54.6","Top","0","WI1002-S17"
"R611","RESC1608X60N","32.917","51.55","32.917","51.55","33.717","51.55","Top","180","WI1002-S17"
"R612","RESC1608X60N","37.85","53.4","37.85","53.4","38.65","53.4","Top","180","WI1002-S17"
"R700","RESC1608X60N","107.938","59.945","107.938","59.945","107.938","59.145","Top","90","WI000R-S22"
"R701","RESC1608X60N","107.954","46.804","107.954","46.804","107.954","46.004","Top","90","WI000R-S22"
"R702","RESC1608X60N","117.84","59.095","117.84","59.095","117.84","59.895","Top","270","WI000R-S22"
"R703","RESC1608X60N","117.786","46.204","117.786","46.204","117.786","47.004","Top","270","WI000R-S22"
"R704","RESC1608X60N","129.009","50.2","129.009","50.2","128.209","50.2","Top","0","WI1001-S19"
"R705","RESC1608X60N","132.3","50.2","132.3","50.2","133.1","50.2","Top","180","WI1001-S19"
"R706","RESC1608X60N","129.1","34.16","129.1","34.16","129.9","34.16","Top","180","WI000R-S22"
"R707","RESC1608X60N","125.925","34.16","125.925","34.16","126.725","34.16","Top","180","WI1001-S42"
"R708","RESC1608X60N","129.9","62.145","129.9","62.145","129.1","62.145","Top","0","WI1001-S19"
"R709","RESC1608X60N","123.225","33.36","123.225","33.36","123.225","32.56","Top","90","WI2001-S22"
"R710","RESC1608X60N","133.4","62.12","133.4","62.12","134.2","62.12","Top","180","WI1001-S19"
"R711","RESC1608X60N","129.75","46.61","129.75","46.61","130.55","46.61","Top","180","WI000R-S22"
"R712","RESC1608X60N","125.925","46.61","125.925","46.61","126.725","46.61","Top","180","WI1001-S42"
"R713","RESC1608X60N","128.925","20.17","128.925","20.17","128.125","20.17","Top","0","WI1001-S19"
"R714","RESC1608X60N","123.225","47.41","123.225","47.41","123.225","48.21","Top","270","WI2001-S22"
"R715","RESC1608X60N","132.15","20.17","132.15","20.17","132.95","20.17","Top","180","WI1001-S19"
"R610","RESC3216X70N","9.5","52.778","9.5","52.778","10.95","52.778","Top","180","WI000R-S20"
"D600","SOIC127P600X175-8","22.8","46.15","22.8","46.15","25.4","44.245","Top","180","ICUSB6B1-S10"
"IC500","SOP50P490X110-16EP","109.118","10.525","109.118","10.525","111.243","8.775","Top","180","ICLTC3260-S10"
"IC702","SOP65P490X110-8","130.15","56.033","130.15","56.033","129.175","53.833","Top","90","ICOP2177ARM-S10"
"IC703","SOP65P490X110-8","130.225","40.36","130.225","40.36","129.25","38.16","Top","90","ICOP2177ARM-S10"
"IC704","SOP65P490X110-8","130.05","25.27","130.05","25.27","129.075","23.07","Top","90","ICOP2177ARM-S10"
"IC201","SOP65P640X120-16","99.2","45.164","99.2","45.164","101.475","48.014","Top","270","ICAD5684-S00"
"T400","SOT65P210X110-3FET","18.4","90.6","18.4","90.6","17.45","90.6","Top","90","TRBSS84-S11"
"T402","SOT65P210X110-3FET","18.4","85","18.4","85","17.45","85","Top","90","TRBSS84-S11"
"T404","SOT65P210X110-3FET","18.4","95.4","18.4","95.4","17.45","95.4","Top","90","TRBSS84-S11"
"IC300","SOT95P280X145-6","86.973","21.616","86.973","21.616","88.268","20.666","Top","180","ICADR3425ARJ-S10"
"T300","SOT190P240-3-FET","75.425","15.173","75.425","15.173","74.475","16.348","Top","180","TRBSS138-S20"
"T301","SOT190P240-3-FET","80.4","15.198","80.4","15.198","79.45","16.373","Top","180","TRBSS138-S20"
"T302","SOT190P240-3-FET","85.3","15.198","85.3","15.198","84.35","16.373","Top","180","TRBSS138-S20"
"T401","SOT190P240-3-FET","30.2","89.75","30.2","89.75","29.025","89.75","Top","90","TRBSS123-S20"
"T403","SOT190P240-3-FET","30.2","84.15","30.2","84.15","29.025","84.15","Top","90","TRBSS123-S20"
"T405","SOT190P240-3-FET","30.2","94.6","30.2","94.6","29.025","94.6","Top","90","TRBSS123-S20"
"S200","SW_TASTER_SMD_3.6X.2.6MM","70.465","21.448","70.465","21.448","71.94","20.498","Top","180","PATASTKMT2-S10"
"IC501","TO127P1435X457-7","113.345","89.3","110.801","89.322","120","85.49","Top","90","ICLM2676ADJ-S11"
"IC502","TO127P1435X457-7","66.044","89.145","63.5","89.167","72.699","85.335","Top","90","ICLM2676ADJ-S11"
"X600","WE_632723300011","6.74","46.225","4.945","46.225","10.58","48.975","Top","270","ST632723300011-S10"
"X200","WPPRO_943-11-002","17.77","8.55","19.04","8.55","19.04","8.55","Top","180","ST102G06-K12"
"X201","WPPRO_943-11-002","25.87","8.55","24.6","8.55","24.6","8.55","Top","0","ST102G06-K12"
"X203","WPPRO_943-11-006-XX","9.2","25.65","9.2","25.65","9.2","19.3","Top","90","ST106G06-K12"
